Career,Description,Next Steps
Youth Counselor,"Youth counselors provide support, guidance, and counseling services to young people facing challenges. They help youths develop coping mechanisms, improve self-esteem, and make positive life choices. This rewarding career offers opportunities to make a meaningful impact on the lives of young people, helping them reach their full potential.","1. **Earn a bachelor's degree in a related field.** Some common majors for youth counselors include social work, psychology, counseling, and human development.
2. **Complete an internship or practicum.** This will give you hands-on experience working with youth in a counseling setting.
3. **Get certified.** Many states require youth counselors to be certified. The certification process typically involves passing an exam and completing continuing education credits.
4. **Find a job.** Youth counselors can work in a variety of settings, including schools, community centers, and private practice."
 Childcare Worker,"Childcare workers provide nurturing care and educational support to young children in various settings. They foster children's emotional, cognitive, and social development through play-based learning, supervision, and guidance. This career offers job security, flexibility in work hours, and the rewarding opportunity to make a positive impact on children's lives.","1. **Obtain a high school diploma or equivalent.** This is the minimum educational requirement for most childcare worker positions.
2. **Complete a childcare training program.** This can be a certificate or associate's degree program from a community college or technical school. Training programs typically cover topics such as child development, nutrition, health and safety, and childcare activities."
 Elementary School Teacher,"Elementary school teachers work with students in grades K-5, fostering their academic, social, and emotional growth. They create engaging lesson plans, assess student progress, and collaborate with parents and colleagues. This career is rewarding due to the opportunity to make a tangible impact on young lives, guide them through their formative years, and positively shape their future educational experiences.","1. **Earn a Bachelor's Degree in Elementary Education**

Most states require elementary school teachers to have a bachelor's degree in elementary education. This degree program typically includes coursework in child development, pedagogy, curriculum and instruction, and classroom management.

2. **Complete a Student Teaching Internship**

Student teaching is a supervised field experience that allows aspiring teachers to gain practical experience in a classroom setting. This internship typically lasts for one semester or a full year."
