Hobby,Description,Next Steps
Karaoke,"Karaoke is a fun and social activity that can provide a break from the strategic and competitive nature of board games. It allows individuals to express themselves creatively, foster camaraderie, and lighten the mood after intense game sessions. (from previous entry)","1. **Find a karaoke venue**. There are many karaoke venues, such as bars, restaurants, and clubs. You can find karaoke venues near you by searching online or asking friends for recommendations.
2. **Choose a song**. Once you have found a karaoke venue, you will need to choose a song to sing. You can choose from a wide variety of songs, including pop, rock, country, and R&B.
3. **Practice**. If you want to improve your karaoke skills, you should practice singing regularly. You can practice at home by yourself or with friends. You can also find karaoke practice videos online.
4. **Perform**. Once you have practiced and chosen a song, you are ready to perform at a karaoke venue. Karaoke is a great way to have fun, sing your heart out, and meet new people."
 attending concerts,Attending concerts can complement playing board games by offering a live and immersive entertainment experience to balance the strategic and social aspects of gaming. The shared enjoyment of music with an audience can create a sense of community similar to the camaraderie formed during board game nights.,"1. Research and explore different music genres and artists to identify concerts of interest.
2. Purchase tickets in advance through official ticket vendors to secure a spot at the desired concert."
 joining a choir,"Joining a choir could complement playing board games by fostering a sense of community and teamwork. Singing in a choir requires collaboration and coordination, similar to the strategic planning and cooperation needed in board games. Both activities offer opportunities for social interaction and mental stimulation, enhancing cognitive abilities and overall well-being.","1. Research local choirs and their audition requirements.
2. Attend choir rehearsals to get a sense of the group's atmosphere and repertoire."
 learning an instrument,"Learning an instrument, such as piano or guitar, can complement playing board games by providing a creative outlet and enhancing cognitive skills like problem-solving and pattern recognition. Engaging in both hobbies fosters mental agility, improves hand-eye coordination, and promotes social interaction.","**Steps to Pursue Learning an Instrument:**

1. **Choose an instrument:** Consider your musical preferences, skill level, and time commitment. Research different instruments and try out a few to find one that suits you.
2. **Find a teacher or online resources:** An experienced teacher can provide guidance, support, and feedback. Consider online resources such as apps, videos, and online courses for self-paced learning."
 taking dance classes,"Taking dance classes complements playing board games by providing a physical outlet and an opportunity to express creativity. The coordination and strategy involved in dancing enhance the mental agility required for board games, while the social aspect of dance classes fosters connections and provides a change of pace from solitary gaming sessions.","**Steps to Pursue Dance Classes as a Hobby:**

1. **Identify Your Dance Interests:** Explore different dance styles (e.g., ballet, tap, jazz, hip-hop) to determine what interests you the most. Consider your physical fitness level, personality, and goals.
2. **Research Dance Schools:** Find reputable dance schools in your area that offer classes for beginners and hobbyists. Check reviews, class schedules, and instructor qualifications to find a suitable school."
